<?xml version="1.0" encoding="UTF-8"?>
<project-private xmlns="http://www.netbeans.org/ns/project-private/1">
    <editor-bookmarks xmlns="http://www.netbeans.org/ns/editor-bookmarks/2" lastBookmarkId="0"/>
    <open-files xmlns="http://www.netbeans.org/ns/projectui-open-files/2">
        <group>
            <file>file:/Users/adameinstein/Downloads/ShapeTree/HousingApplication2.0/test/DataLoaderTest.java</file>
            <file>file:/Users/adameinstein/Downloads/ShapeTree/HousingApplication2.0/test/ReviewsTest.java</file>
            <file>file:/Users/adameinstein/Downloads/ShapeTree/HousingApplication2.0/test/DataWriterTest.java</file>
            <file>file:/Users/adameinstein/Downloads/ShapeTree/HousingApplication2.0/test/UsersTest.java</file>
            <file>file:/Users/adameinstein/Downloads/ShapeTree/HousingApplication2.0/test/StudentUserTest.java</file>
        </group>
    </open-files>
</project-private>
